<?xml version="1.0" encoding="UTF-8"?>
<addon id="plugin.video.tvatom_beta" name="TVAtom BETA" version="0.0.13" provider-name="TVAtom">
    <requires>
        <import addon="xbmc.python" version="2.1.0"/>
    </requires>
    <extension point="xbmc.python.pluginsource" library="default.py">
        <provides>video</provides>
    </extension>
    <extension point="xbmc.addon.metadata">
        <platform>all</platform>
        <summary lang="en">TVAtom BETA TESTING APP</summary>
        <language></language>
        <description lang="en">TVAtom BETA TESTING APP</description>
    </extension>
</addon>
