<?xml version="1.0" encoding="UTF-8"?>
<addon id="plugin.video.tvatom_movie_archive" name="TVAtom Movie Archive" version="0.0.12" provider-name="TVAtom">
    <requires>
        <import addon="xbmc.python" version="2.1.0"/>
    </requires>
    <extension point="xbmc.python.pluginsource" library="default.py">
        <provides>video</provides>
    </extension>
    <extension point="xbmc.addon.metadata">
        <platform>all</platform>
        <summary lang="en">Watch Movies from TVAtom Archive</summary>
        <language></language>
        <description lang="en">Watch Movies from TVAtom Archive</description>
    </extension>
</addon>
