<?xml version="1.0" encoding="UTF-8" standalone="yes"?>
<addon id="repository.tvatom.gotham" name="TV Atom addons" version="0.0.3" provider-name="TV Atom">
	<extension point="xbmc.addon.repository" name="TV Atom add-on repository">
		<info compressed="false">https://raw.githubusercontent.com/tvatom/xbmc/master/addons/addons.xml</info>
		<checksum>https://raw.githubusercontent.com/tvatom/xbmc/master/addons/addons.xml.md5</checksum>
		<datadir zip="true">https://github.com/tvatom/xbmc/raw/master/zip/</datadir>
	</extension>
	<extension point="xbmc.addon.metadata">
		<summary>Install Addons from http://github.com/tvatom/xbmc</summary>
		<description>Download and install addons from the TV Atom repository.</description>
		<platform>all</platform>
	</extension>
</addon>
